-1;0;0;0;#0 @ data/links/ongeldig//525.jpg
-1;0;0;0;#0 @ data/links/ongeldig//530.jpg
-1;0;0;0;#0 @ data/links/ongeldig//535.jpg
-1;0;0;0;#0 @ data/links/ongeldig//540.jpg
-1;0;0;0;#0 @ data/links/ongeldig//545.jpg
-1;0;0;0;#0 @ data/links/ongeldig//55.jpg
-1;0;0;0;#0 @ data/links/ongeldig//550.jpg
-1;0;0;0;#0 @ data/links/ongeldig//555.jpg
-1;0;0;0;#0 @ data/links/ongeldig//560.jpg
-1;0;0;0;#0 @ data/links/ongeldig//565.jpg
-1;74;0;0;#0 @ data/links/ongeldig//570.jpg
-1;0;0;0;#0 @ data/links/ongeldig//575.jpg
-1;61;0;0;#0 @ data/links/ongeldig//580.jpg
-1;161;0;0;#0 @ data/links/ongeldig//585.jpg
-1;305;0;0;#0 @ data/links/ongeldig//590.jpg
-1;871;0;0;#0 @ data/links/ongeldig//595.jpg
-1;0;0;0;#0 @ data/links/ongeldig//60.jpg
-1;1199;0;0;#0 @ data/links/ongeldig//600.jpg
-1;480;0;0;#0 @ data/links/ongeldig//605.jpg
-1;219;0;92;#0 @ data/links/ongeldig//610.jpg
-1;0;0;0;#0 @ data/links/ongeldig//615.jpg
-1;163;0;0;#0 @ data/links/ongeldig//620.jpg
-1;334;0;0;#0 @ data/links/ongeldig//625.jpg
-1;320;0;148;#0 @ data/links/ongeldig//630.jpg
-1;518;0;0;#0 @ data/links/ongeldig//635.jpg
-1;920;0;0;#0 @ data/links/ongeldig//640.jpg
-1;1262;0;0;#0 @ data/links/ongeldig//645.jpg
-1;0;0;0;#0 @ data/links/ongeldig//65.jpg
-1;486;17;269;#0 @ data/links/ongeldig//650.jpg
-1;798;0;1618;#0 @ data/links/ongeldig//655.jpg
-1;0;0;0;#0 @ data/links/ongeldig//660.jpg
-1;0;0;0;#0 @ data/links/ongeldig//665.jpg
-1;0;0;0;#0 @ data/links/ongeldig//670.jpg
-1;266;0;0;#0 @ data/links/ongeldig//675.jpg
-1;0;0;28;#0 @ data/links/ongeldig//680.jpg
-1;0;0;0;#0 @ data/links/ongeldig//685.jpg
-1;0;0;0;#0 @ data/links/ongeldig//690.jpg
-1;0;0;0;#0 @ data/links/ongeldig//695.jpg
-1;0;0;0;#0 @ data/links/ongeldig//70.jpg
-1;0;0;0;#0 @ data/links/ongeldig//700.jpg
-1;86;0;0;#0 @ data/links/ongeldig//705.jpg
-1;134;0;0;#0 @ data/links/ongeldig//710.jpg
-1;54;0;0;#0 @ data/links/ongeldig//715.jpg
-1;98;0;0;#0 @ data/links/ongeldig//720.jpg
-1;30;0;0;#0 @ data/links/ongeldig//725.jpg
-1;16;0;0;#0 @ data/links/ongeldig//730.jpg
-1;0;0;0;#0 @ data/links/ongeldig//735.jpg
-1;0;0;0;#0 @ data/links/ongeldig//740.jpg
-1;0;0;0;#0 @ data/links/ongeldig//745.jpg
-1;0;0;28;#0 @ data/links/ongeldig//75.jpg
-1;0;0;0;#0 @ data/links/ongeldig//750.jpg
-1;0;0;0;#0 @ data/links/ongeldig//755.jpg
-1;0;0;0;#0 @ data/links/ongeldig//760.jpg
-1;0;0;0;#0 @ data/links/ongeldig//765.jpg
-1;0;0;0;#0 @ data/links/ongeldig//770.jpg
-1;0;0;0;#0 @ data/links/ongeldig//775.jpg
-1;0;0;0;#0 @ data/links/ongeldig//780.jpg
-1;0;0;0;#0 @ data/links/ongeldig//785.jpg
-1;0;0;0;#0 @ data/links/ongeldig//790.jpg
-1;0;0;0;#0 @ data/links/ongeldig//795.jpg
-1;0;0;0;#0 @ data/links/ongeldig//80.jpg
-1;0;0;0;#0 @ data/links/ongeldig//800.jpg
-1;0;0;0;#0 @ data/links/ongeldig//805.jpg
-1;0;0;0;#0 @ data/links/ongeldig//810.jpg
-1;0;0;22;#0 @ data/links/ongeldig//815.jpg
-1;0;0;0;#0 @ data/links/ongeldig//820.jpg
-1;0;0;0;#0 @ data/links/ongeldig//825.jpg
-1;0;0;0;#0 @ data/links/ongeldig//830.jpg
-1;0;0;0;#0 @ data/links/ongeldig//85.jpg
-1;0;0;0;#0 @ data/links/ongeldig//90.jpg
-1;0;0;0;#0 @ data/links/ongeldig//95.jpg
-1;0;561;48244;#0 @ data/links/ongeldig//Knipsel2.JPG
-1;0;1309;144526;#0 @ data/links/ongeldig//Knipsel20.JPG
-1;736;20849;193326;#0 @ data/links/ongeldig//Knipsel26.JPG
-1;0;8328;182031;#0 @ data/links/ongeldig//Knipsel27.JPG
-1;0;4338;148056;#0 @ data/links/ongeldig//Knipsel28.JPG
-1;0;833;136503;#0 @ data/links/ongeldig//Knipsel29.JPG
-1;0;8134;167504;#0 @ data/links/ongeldig//Knipsel30.JPG
-1;36;5648;145476;#0 @ data/links/ongeldig//Knipsel31.JPG
-1;0;0;6497;#0 @ data/links/ongeldig//Knipsel37.JPG
-1;0;6090;166696;#0 @ data/links/ongeldig//Knipsel38.JPG
-1;0;20505;167256;#0 @ data/links/ongeldig//Knipsel39.JPG
-1;0;21926;68688;#0 @ data/links/ongeldig//Knipsel40.JPG
-1;0;8920;118889;#0 @ data/links/ongeldig//Knipsel41.JPG
-1;0;4799;92580;#0 @ data/links/ongeldig//Knipsel42.JPG
-1;0;3907;87991;#0 @ data/links/ongeldig//Knipsel44.JPG
-1;0;17574;199768;#0 @ data/links/ongeldig//Knipsel8.JPG
-1;436;8961;98174;#0 @ data/links/ongeldig//3885.jpg
-1;651;15211;124837;#0 @ data/links/ongeldig//3890.jpg
-1;1213;14056;134430;#0 @ data/links/ongeldig//3895.jpg
-1;0;0;0;#0 @ data/links/ongeldig//390.jpg
-1;0;14187;177076;#0 @ data/links/ongeldig//3900.jpg
-1;0;0;0;#0 @ data/links/ongeldig//3905.jpg
-1;0;0;0;#0 @ data/links/ongeldig//3910.jpg
-1;0;0;0;#0 @ data/links/ongeldig//3915.jpg
-1;0;0;0;#0 @ data/links/ongeldig//3920.jpg
-1;0;0;0;#0 @ data/links/ongeldig//3925.jpg
-1;0;0;0;#0 @ data/links/ongeldig//3930.jpg
-1;0;0;0;#0 @ data/links/ongeldig//3935.jpg
-1;0;0;0;#0 @ data/links/ongeldig//3940.jpg
-1;0;0;0;#0 @ data/links/ongeldig//3945.jpg
-1;0;0;0;#0 @ data/links/ongeldig//395.jpg
-1;0;0;920;#0 @ data/links/ongeldig//3950.jpg
-1;0;0;0;#0 @ data/links/ongeldig//3955.jpg
-1;0;0;0;#0 @ data/links/ongeldig//3960.jpg
-1;0;0;0;#0 @ data/links/ongeldig//3965.jpg
-1;0;0;0;#0 @ data/links/ongeldig//3970.jpg
-1;0;0;0;#0 @ data/links/ongeldig//3975.jpg
-1;0;0;0;#0 @ data/links/ongeldig//3980.jpg
-1;0;0;0;#0 @ data/links/ongeldig//3985.jpg
-1;0;0;0;#0 @ data/links/ongeldig//3990.jpg
-1;0;0;0;#0 @ data/links/ongeldig//3995.jpg
-1;0;0;0;#0 @ data/links/ongeldig//40.jpg
-1;0;0;0;#0 @ data/links/ongeldig//400.jpg
-1;0;0;0;#0 @ data/links/ongeldig//4000.jpg
-1;0;0;0;#0 @ data/links/ongeldig//4005.jpg
-1;0;0;128;#0 @ data/links/ongeldig//4010.jpg
-1;0;0;0;#0 @ data/links/ongeldig//4015.jpg
-1;0;0;0;#0 @ data/links/ongeldig//4020.jpg
-1;0;0;0;#0 @ data/links/ongeldig//4025.jpg
-1;0;0;0;#0 @ data/links/ongeldig//4030.jpg
-1;0;0;0;#0 @ data/links/ongeldig//4035.jpg
-1;0;0;0;#0 @ data/links/ongeldig//4040.jpg
-1;0;0;0;#0 @ data/links/ongeldig//4045.jpg
-1;0;0;0;#0 @ data/links/ongeldig//405.jpg
-1;0;0;0;#0 @ data/links/ongeldig//4050.jpg
-1;0;0;0;#0 @ data/links/ongeldig//4055.jpg
-1;0;0;0;#0 @ data/links/ongeldig//4060.jpg
-1;0;0;28;#0 @ data/links/ongeldig//4065.jpg
-1;0;0;40;#0 @ data/links/ongeldig//4070.jpg
-1;0;0;0;#0 @ data/links/ongeldig//4075.jpg
-1;0;0;0;#0 @ data/links/ongeldig//4080.jpg
-1;0;0;0;#0 @ data/links/ongeldig//4085.jpg
-1;0;0;0;#0 @ data/links/ongeldig//4090.jpg
-1;0;0;0;#0 @ data/links/ongeldig//4095.jpg
-1;0;0;0;#0 @ data/links/ongeldig//410.jpg
-1;0;0;0;#0 @ data/links/ongeldig//4100.jpg
-1;0;0;0;#0 @ data/links/ongeldig//4105.jpg
-1;0;0;0;#0 @ data/links/ongeldig//4110.jpg
-1;0;0;0;#0 @ data/links/ongeldig//4115.jpg
-1;0;0;0;#0 @ data/links/ongeldig//4120.jpg
-1;0;0;0;#0 @ data/links/ongeldig//4125.jpg
-1;0;0;0;#0 @ data/links/ongeldig//4130.jpg
-1;0;0;0;#0 @ data/links/ongeldig//4135.jpg
-1;0;272;0;#0 @ data/links/ongeldig//4140.jpg
-1;0;0;412;#0 @ data/links/ongeldig//4145.jpg
-1;0;0;0;#0 @ data/links/ongeldig//415.jpg
-1;0;0;36;#0 @ data/links/ongeldig//4150.jpg
-1;0;0;106;#0 @ data/links/ongeldig//4155.jpg
-1;0;930;707;#0 @ data/links/ongeldig//4160.jpg
-1;0;1914;3094;#0 @ data/links/ongeldig//4165.jpg
-1;2459;21852;2540;#0 @ data/links/ongeldig//4170.jpg
-1;935;6558;200;#0 @ data/links/ongeldig//4175.jpg
-1;341;3313;49;#0 @ data/links/ongeldig//4180.jpg
-1;17;34;245;#0 @ data/links/ongeldig//4185.jpg
-1;0;0;58;#0 @ data/links/ongeldig//4190.jpg
-1;0;0;0;#0 @ data/links/ongeldig//4195.jpg
-1;0;0;0;#0 @ data/links/ongeldig//420.jpg
-1;0;0;22;#0 @ data/links/ongeldig//4200.jpg
-1;0;0;172;#0 @ data/links/ongeldig//4205.jpg
-1;0;0;49;#0 @ data/links/ongeldig//4210.jpg
-1;0;0;105;#0 @ data/links/ongeldig//4215.jpg
-1;0;0;0;#0 @ data/links/ongeldig//4220.jpg
-1;0;0;0;#0 @ data/links/ongeldig//4225.jpg
-1;0;0;0;#0 @ data/links/ongeldig//4230.jpg
-1;0;0;0;#0 @ data/links/ongeldig//4235.jpg
-1;0;0;0;#0 @ data/links/ongeldig//4240.jpg
-1;0;0;0;#0 @ data/links/ongeldig//4245.jpg
-1;0;0;0;#0 @ data/links/ongeldig//425.jpg
-1;0;0;0;#0 @ data/links/ongeldig//4250.jpg
-1;0;0;0;#0 @ data/links/ongeldig//4255.jpg
-1;0;27;0;#0 @ data/links/ongeldig//4260.jpg
-1;0;34;270;#0 @ data/links/ongeldig//4265.jpg
-1;0;0;1923;#0 @ data/links/ongeldig//4270.jpg
-1;0;74;2905;#0 @ data/links/ongeldig//4275.jpg
-1;0;0;1736;#0 @ data/links/ongeldig//4280.jpg
-1;0;0;246;#0 @ data/links/ongeldig//4285.jpg
-1;1024;3476;0;#0 @ data/links/ongeldig//4290.jpg
-1;0;0;0;#0 @ data/links/ongeldig//430.jpg
-1;464;0;0;#0 @ data/links/ongeldig//4330.jpg
-1;0;0;0;#0 @ data/links/ongeldig//435.jpg
-1;0;0;0;#0 @ data/links/ongeldig//440.jpg
-1;0;0;0;#0 @ data/links/ongeldig//445.jpg
-1;0;0;22;#0 @ data/links/ongeldig//45.jpg
-1;0;0;0;#0 @ data/links/ongeldig//450.jpg
-1;591;0;0;#0 @ data/links/ongeldig//455.jpg
-1;0;0;0;#0 @ data/links/ongeldig//460.jpg
-1;0;0;0;#0 @ data/links/ongeldig//465.jpg
-1;0;0;0;#0 @ data/links/ongeldig//470.jpg
-1;0;0;0;#0 @ data/links/ongeldig//475.jpg
-1;0;0;0;#0 @ data/links/ongeldig//480.jpg
-1;0;0;0;#0 @ data/links/ongeldig//485.jpg
-1;0;0;0;#0 @ data/links/ongeldig//490.jpg
-1;0;0;0;#0 @ data/links/ongeldig//495.jpg
-1;0;0;0;#0 @ data/links/ongeldig//5.jpg
-1;0;0;0;#0 @ data/links/ongeldig//50.jpg
-1;0;0;0;#0 @ data/links/ongeldig//500.jpg
-1;0;0;0;#0 @ data/links/ongeldig//505.jpg
-1;0;0;0;#0 @ data/links/ongeldig//510.jpg
-1;0;0;0;#0 @ data/links/ongeldig//515.jpg
-1;0;0;0;#0 @ data/links/ongeldig//520.jpg
-1;0;3345;113964;#0 @ data/links/ongeldig//3600.jpg
-1;60;5788;120711;#0 @ data/links/ongeldig//3605.jpg
-1;0;5627;98183;#0 @ data/links/ongeldig//3610.jpg
-1;235;12940;152673;#0 @ data/links/ongeldig//3615.jpg
-1;0;11234;171001;#0 @ data/links/ongeldig//3620.jpg
-1;0;19916;185711;#0 @ data/links/ongeldig//3625.jpg
-1;0;22229;200328;#0 @ data/links/ongeldig//3630.jpg
-1;0;33659;178685;#0 @ data/links/ongeldig//3635.jpg
-1;0;21104;147461;#0 @ data/links/ongeldig//3640.jpg
-1;0;27633;138251;#0 @ data/links/ongeldig//3645.jpg
-1;0;0;0;#0 @ data/links/ongeldig//365.jpg
-1;0;28298;140256;#0 @ data/links/ongeldig//3650.jpg
-1;0;23846;142953;#0 @ data/links/ongeldig//3655.jpg
-1;0;19470;130089;#0 @ data/links/ongeldig//3660.jpg
-1;0;29393;138674;#0 @ data/links/ongeldig//3665.jpg
-1;0;28233;149914;#0 @ data/links/ongeldig//3670.jpg
-1;0;27936;181487;#0 @ data/links/ongeldig//3675.jpg
-1;0;19727;209100;#0 @ data/links/ongeldig//3680.jpg
-1;0;22790;234846;#0 @ data/links/ongeldig//3685.jpg
-1;0;24114;220766;#0 @ data/links/ongeldig//3690.jpg
-1;0;28224;229270;#0 @ data/links/ongeldig//3695.jpg
-1;0;0;182;#0 @ data/links/ongeldig//370.jpg
-1;0;35119;243131;#0 @ data/links/ongeldig//3700.jpg
-1;0;30278;246611;#0 @ data/links/ongeldig//3705.jpg
-1;0;25346;224590;#0 @ data/links/ongeldig//3710.jpg
-1;0;32139;234509;#0 @ data/links/ongeldig//3715.jpg
-1;0;37750;236988;#0 @ data/links/ongeldig//3720.jpg
-1;0;37755;248094;#0 @ data/links/ongeldig//3725.jpg
-1;0;49852;251715;#0 @ data/links/ongeldig//3730.jpg
-1;0;24726;251129;#0 @ data/links/ongeldig//3735.jpg
-1;0;42966;260302;#0 @ data/links/ongeldig//3740.jpg
-1;0;36092;219392;#0 @ data/links/ongeldig//3745.jpg
-1;0;0;0;#0 @ data/links/ongeldig//375.jpg
-1;0;41955;228059;#0 @ data/links/ongeldig//3750.jpg
-1;22;31459;232183;#0 @ data/links/ongeldig//3755.jpg
-1;0;42528;227160;#0 @ data/links/ongeldig//3760.jpg
-1;108;26967;190007;#0 @ data/links/ongeldig//3765.jpg
-1;0;16881;203100;#0 @ data/links/ongeldig//3770.jpg
-1;36;21509;205983;#0 @ data/links/ongeldig//3775.jpg
-1;413;18889;218142;#0 @ data/links/ongeldig//3780.jpg
-1;385;11002;210140;#0 @ data/links/ongeldig//3785.jpg
-1;0;11923;212360;#0 @ data/links/ongeldig//3790.jpg
-1;0;18799;203131;#0 @ data/links/ongeldig//3795.jpg
-1;0;0;0;#0 @ data/links/ongeldig//380.jpg
-1;0;22249;205138;#0 @ data/links/ongeldig//3800.jpg
-1;0;16139;166693;#0 @ data/links/ongeldig//3805.jpg
-1;0;15889;163520;#0 @ data/links/ongeldig//3810.jpg
-1;0;0;377;#0 @ data/links/ongeldig//3815.jpg
-1;0;0;875;#0 @ data/links/ongeldig//3820.jpg
-1;0;0;0;#0 @ data/links/ongeldig//3825.jpg
-1;0;10453;93289;#0 @ data/links/ongeldig//3830.jpg
-1;0;6342;67604;#0 @ data/links/ongeldig//3835.jpg
-1;0;13579;78549;#0 @ data/links/ongeldig//3840.jpg
-1;0;6053;61535;#0 @ data/links/ongeldig//3845.jpg
-1;0;0;0;#0 @ data/links/ongeldig//385.jpg
-1;0;7449;75914;#0 @ data/links/ongeldig//3850.jpg
-1;0;11067;109435;#0 @ data/links/ongeldig//3855.jpg
-1;0;4130;109380;#0 @ data/links/ongeldig//3860.jpg
-1;0;3386;103192;#0 @ data/links/ongeldig//3865.jpg
-1;0;3578;82198;#0 @ data/links/ongeldig//3870.jpg
-1;0;6354;51654;#0 @ data/links/ongeldig//3875.jpg
-1;187;11020;55691;#0 @ data/links/ongeldig//3880.jpg
-1;0;34312;208009;#0 @ data/links/ongeldig//3315.jpg
-1;0;37515;192633;#0 @ data/links/ongeldig//3320.jpg
-1;0;27762;168294;#0 @ data/links/ongeldig//3325.jpg
-1;0;29661;178549;#0 @ data/links/ongeldig//3330.jpg
-1;0;33759;173245;#0 @ data/links/ongeldig//3335.jpg
-1;0;29584;150565;#0 @ data/links/ongeldig//3340.jpg
-1;0;20285;169895;#0 @ data/links/ongeldig//3345.jpg
-1;0;0;0;#0 @ data/links/ongeldig//335.jpg
-1;0;18052;167584;#0 @ data/links/ongeldig//3350.jpg
-1;0;19449;149984;#0 @ data/links/ongeldig//3355.jpg
-1;0;11123;161410;#0 @ data/links/ongeldig//3360.jpg
-1;0;18263;145053;#0 @ data/links/ongeldig//3365.jpg
-1;0;21475;151154;#0 @ data/links/ongeldig//3370.jpg
-1;114;28250;120157;#0 @ data/links/ongeldig//3375.jpg
-1;0;30649;115922;#0 @ data/links/ongeldig//3380.jpg
-1;0;40358;134424;#0 @ data/links/ongeldig//3385.jpg
-1;0;30057;168905;#0 @ data/links/ongeldig//3390.jpg
-1;0;37001;167139;#0 @ data/links/ongeldig//3395.jpg
-1;0;0;0;#0 @ data/links/ongeldig//340.jpg
-1;0;27026;177910;#0 @ data/links/ongeldig//3400.jpg
-1;0;32596;182219;#0 @ data/links/ongeldig//3405.jpg
-1;0;30223;202735;#0 @ data/links/ongeldig//3410.jpg
-1;0;35119;193040;#0 @ data/links/ongeldig//3415.jpg
-1;0;11858;217176;#0 @ data/links/ongeldig//3420.jpg
-1;0;12108;193158;#0 @ data/links/ongeldig//3425.jpg
-1;0;17336;183085;#0 @ data/links/ongeldig//3430.jpg
-1;0;34827;161332;#0 @ data/links/ongeldig//3435.jpg
-1;0;22274;183207;#0 @ data/links/ongeldig//3440.jpg
-1;0;21420;179724;#0 @ data/links/ongeldig//3445.jpg
-1;0;0;0;#0 @ data/links/ongeldig//345.jpg
-1;0;13395;181677;#0 @ data/links/ongeldig//3450.jpg
-1;0;21607;171684;#0 @ data/links/ongeldig//3455.jpg
-1;0;17530;145333;#0 @ data/links/ongeldig//3460.jpg
-1;50;11408;152212;#0 @ data/links/ongeldig//3465.jpg
-1;0;6966;118052;#0 @ data/links/ongeldig//3470.jpg
-1;0;13568;149547;#0 @ data/links/ongeldig//3475.jpg
-1;0;8626;147740;#0 @ data/links/ongeldig//3480.jpg
-1;0;7623;162132;#0 @ data/links/ongeldig//3485.jpg
-1;0;6504;158317;#0 @ data/links/ongeldig//3490.jpg
-1;0;7398;160314;#0 @ data/links/ongeldig//3495.jpg
-1;0;0;0;#0 @ data/links/ongeldig//35.jpg
-1;0;0;0;#0 @ data/links/ongeldig//350.jpg
-1;0;8312;154867;#0 @ data/links/ongeldig//3500.jpg
-1;0;8293;158762;#0 @ data/links/ongeldig//3505.jpg
-1;0;8338;171518;#0 @ data/links/ongeldig//3510.jpg
-1;0;14254;177301;#0 @ data/links/ongeldig//3515.jpg
-1;0;13012;180103;#0 @ data/links/ongeldig//3520.jpg
-1;0;14241;170828;#0 @ data/links/ongeldig//3525.jpg
-1;0;8610;160337;#0 @ data/links/ongeldig//3530.jpg
-1;0;8012;147672;#0 @ data/links/ongeldig//3535.jpg
-1;0;9268;140502;#0 @ data/links/ongeldig//3540.jpg
-1;0;16337;153903;#0 @ data/links/ongeldig//3545.jpg
-1;0;0;0;#0 @ data/links/ongeldig//355.jpg
-1;0;10064;137281;#0 @ data/links/ongeldig//3550.jpg
-1;0;15344;178380;#0 @ data/links/ongeldig//3555.jpg
-1;0;15377;191480;#0 @ data/links/ongeldig//3560.jpg
-1;0;18056;212514;#0 @ data/links/ongeldig//3565.jpg
-1;44;7774;200107;#0 @ data/links/ongeldig//3570.jpg
-1;139;6171;207518;#0 @ data/links/ongeldig//3575.jpg
-1;0;9494;179469;#0 @ data/links/ongeldig//3580.jpg
-1;0;2622;174912;#0 @ data/links/ongeldig//3585.jpg
-1;0;1889;130880;#0 @ data/links/ongeldig//3590.jpg
-1;1071;4689;161538;#0 @ data/links/ongeldig//3595.jpg
-1;0;0;0;#0 @ data/links/ongeldig//360.jpg
-1;0;2735;186623;#0 @ data/links/ongeldig//2815.jpg
-1;48;4494;200246;#0 @ data/links/ongeldig//2820.jpg
-1;231;2517;164689;#0 @ data/links/ongeldig//2825.jpg
-1;0;5553;180886;#0 @ data/links/ongeldig//2830.jpg
-1;0;5986;180579;#0 @ data/links/ongeldig//2835.jpg
-1;22;9013;204368;#0 @ data/links/ongeldig//2840.jpg
-1;172;5662;208740;#0 @ data/links/ongeldig//2845.jpg
-1;0;0;0;#0 @ data/links/ongeldig//285.jpg
-1;0;8990;222923;#0 @ data/links/ongeldig//2850.jpg
-1;0;7699;213610;#0 @ data/links/ongeldig//2855.jpg
-1;0;14092;208330;#0 @ data/links/ongeldig//2860.jpg
-1;0;9733;208325;#0 @ data/links/ongeldig//2865.jpg
-1;0;9854;173299;#0 @ data/links/ongeldig//2870.jpg
-1;0;4062;124388;#0 @ data/links/ongeldig//2885.jpg
-1;0;0;0;#0 @ data/links/ongeldig//290.jpg
-1;137;332;0;#0 @ data/links/ongeldig//2900.jpg
-1;248;0;1434;#0 @ data/links/ongeldig//2905.jpg
-1;0;42;3935;#0 @ data/links/ongeldig//2910.jpg
-1;0;97;1552;#0 @ data/links/ongeldig//2915.jpg
-1;0;1244;1634;#0 @ data/links/ongeldig//2920.jpg
-1;0;1671;1796;#0 @ data/links/ongeldig//2925.jpg
-1;0;2939;5388;#0 @ data/links/ongeldig//2930.jpg
-1;163;556;9419;#0 @ data/links/ongeldig//2935.jpg
-1;0;0;0;#0 @ data/links/ongeldig//295.jpg
-1;0;0;0;#0 @ data/links/ongeldig//30.jpg
-1;0;0;0;#0 @ data/links/ongeldig//300.jpg
-1;74;0;8259;#0 @ data/links/ongeldig//3030.jpg
-1;0;0;2511;#0 @ data/links/ongeldig//3035.jpg
-1;0;0;2022;#0 @ data/links/ongeldig//3040.jpg
-1;0;0;4032;#0 @ data/links/ongeldig//3045.jpg
-1;0;0;0;#0 @ data/links/ongeldig//305.jpg
-1;0;0;2443;#0 @ data/links/ongeldig//3050.jpg
-1;0;0;2741;#0 @ data/links/ongeldig//3055.jpg
-1;0;0;3116;#0 @ data/links/ongeldig//3060.jpg
-1;0;0;4540;#0 @ data/links/ongeldig//3065.jpg
-1;0;0;6797;#0 @ data/links/ongeldig//3070.jpg
-1;0;0;4695;#0 @ data/links/ongeldig//3075.jpg
-1;0;0;6105;#0 @ data/links/ongeldig//3080.jpg
-1;0;0;4178;#0 @ data/links/ongeldig//3085.jpg
-1;0;0;5526;#0 @ data/links/ongeldig//3090.jpg
-1;0;0;2273;#0 @ data/links/ongeldig//3095.jpg
-1;0;0;0;#0 @ data/links/ongeldig//310.jpg
-1;0;328;2233;#0 @ data/links/ongeldig//3100.jpg
-1;18;0;132;#0 @ data/links/ongeldig//3115.jpg
-1;292;0;3472;#0 @ data/links/ongeldig//3120.jpg
-1;0;0;12051;#0 @ data/links/ongeldig//3125.jpg
-1;96;0;12300;#0 @ data/links/ongeldig//3130.jpg
-1;217;0;9493;#0 @ data/links/ongeldig//3135.jpg
-1;0;0;19969;#0 @ data/links/ongeldig//3140.jpg
-1;0;0;36049;#0 @ data/links/ongeldig//3145.jpg
-1;0;0;0;#0 @ data/links/ongeldig//315.jpg
-1;0;0;29068;#0 @ data/links/ongeldig//3150.jpg
-1;0;0;13721;#0 @ data/links/ongeldig//3155.jpg
-1;344;0;7631;#0 @ data/links/ongeldig//3160.jpg
-1;0;0;2523;#0 @ data/links/ongeldig//3165.jpg
-1;0;0;12480;#0 @ data/links/ongeldig//3170.jpg
-1;0;0;7498;#0 @ data/links/ongeldig//3175.jpg
-1;0;0;14204;#0 @ data/links/ongeldig//3180.jpg
-1;0;0;6470;#0 @ data/links/ongeldig//3185.jpg
-1;0;0;3314;#0 @ data/links/ongeldig//3190.jpg
-1;0;0;1822;#0 @ data/links/ongeldig//3195.jpg
-1;0;0;0;#0 @ data/links/ongeldig//320.jpg
-1;501;0;3959;#0 @ data/links/ongeldig//3200.jpg
-1;300;0;2957;#0 @ data/links/ongeldig//3205.jpg
-1;34;0;4411;#0 @ data/links/ongeldig//3210.jpg
-1;0;0;54;#0 @ data/links/ongeldig//3215.jpg
-1;1453;0;2845;#0 @ data/links/ongeldig//3220.jpg
-1;396;0;54023;#0 @ data/links/ongeldig//3230.jpg
-1;142;0;25241;#0 @ data/links/ongeldig//3235.jpg
-1;137;0;9712;#0 @ data/links/ongeldig//3240.jpg
-1;0;0;0;#0 @ data/links/ongeldig//3245.jpg
-1;0;0;0;#0 @ data/links/ongeldig//325.jpg
-1;108;0;1446;#0 @ data/links/ongeldig//3250.jpg
-1;0;0;1993;#0 @ data/links/ongeldig//3255.jpg
-1;17;9077;37244;#0 @ data/links/ongeldig//3260.jpg
-1;0;10330;53070;#0 @ data/links/ongeldig//3265.jpg
-1;22;16947;126274;#0 @ data/links/ongeldig//3270.jpg
-1;86;16134;212038;#0 @ data/links/ongeldig//3275.jpg
-1;39;18810;224476;#0 @ data/links/ongeldig//3280.jpg
-1;50;16443;223489;#0 @ data/links/ongeldig//3285.jpg
-1;0;14930;234377;#0 @ data/links/ongeldig//3290.jpg
-1;0;26777;239127;#0 @ data/links/ongeldig//3295.jpg
-1;0;0;0;#0 @ data/links/ongeldig//330.jpg
-1;0;35513;238345;#0 @ data/links/ongeldig//3300.jpg
-1;0;39091;227809;#0 @ data/links/ongeldig//3305.jpg
-1;0;33020;228804;#0 @ data/links/ongeldig//3310.jpg
-1;0;6661;205499;#0 @ data/links/ongeldig//2450.jpg
-1;0;6563;240076;#0 @ data/links/ongeldig//2455.jpg
-1;28;256;226258;#0 @ data/links/ongeldig//2460.jpg
-1;0;111;195870;#0 @ data/links/ongeldig//2465.jpg
-1;0;260;75607;#0 @ data/links/ongeldig//2470.jpg
-1;0;649;6511;#0 @ data/links/ongeldig//2475.jpg
-1;0;168;3517;#0 @ data/links/ongeldig//2480.jpg
-1;0;27;3143;#0 @ data/links/ongeldig//2485.jpg
-1;0;0;1092;#0 @ data/links/ongeldig//2490.jpg
-1;0;0;0;#0 @ data/links/ongeldig//2495.jpg
-1;0;0;0;#0 @ data/links/ongeldig//25.jpg
-1;0;0;0;#0 @ data/links/ongeldig//250.jpg
-1;90;0;77;#0 @ data/links/ongeldig//2500.jpg
-1;0;0;495;#0 @ data/links/ongeldig//2505.jpg
-1;0;15716;218368;#0 @ data/links/ongeldig//2510.jpg
-1;0;12003;219296;#0 @ data/links/ongeldig//2515.jpg
-1;10;12740;220998;#0 @ data/links/ongeldig//2520.jpg
-1;0;12050;226203;#0 @ data/links/ongeldig//2525.jpg
-1;0;14709;241166;#0 @ data/links/ongeldig//2530.jpg
-1;0;930;1045;#0 @ data/links/ongeldig//2535.jpg
-1;0;10923;233662;#0 @ data/links/ongeldig//2540.jpg
-1;0;28;182;#0 @ data/links/ongeldig//2545.jpg
-1;0;0;0;#0 @ data/links/ongeldig//255.jpg
-1;0;6906;225602;#0 @ data/links/ongeldig//2550.jpg
-1;0;55;1152;#0 @ data/links/ongeldig//2555.jpg
-1;0;15535;227040;#0 @ data/links/ongeldig//2560.jpg
-1;0;825;2024;#0 @ data/links/ongeldig//2565.jpg
-1;0;865;885;#0 @ data/links/ongeldig//2570.jpg
-1;0;134;4136;#0 @ data/links/ongeldig//2575.jpg
-1;0;16780;243928;#0 @ data/links/ongeldig//2580.jpg
-1;0;0;0;#0 @ data/links/ongeldig//2585.jpg
-1;56;0;0;#0 @ data/links/ongeldig//2590.jpg
-1;161;0;0;#0 @ data/links/ongeldig//2595.jpg
-1;0;0;0;#0 @ data/links/ongeldig//260.jpg
-1;146;28567;243800;#0 @ data/links/ongeldig//2600.jpg
-1;1202;30912;260495;#0 @ data/links/ongeldig//2605.jpg
-1;332;34938;272524;#0 @ data/links/ongeldig//2610.jpg
-1;1528;25126;265877;#0 @ data/links/ongeldig//2615.jpg
-1;30;22582;255110;#0 @ data/links/ongeldig//2620.jpg
-1;1842;21526;246750;#0 @ data/links/ongeldig//2625.jpg
-1;0;26709;255352;#0 @ data/links/ongeldig//2630.jpg
-1;671;26789;246088;#0 @ data/links/ongeldig//2635.jpg
-1;136;25348;237123;#0 @ data/links/ongeldig//2640.jpg
-1;850;38341;251281;#0 @ data/links/ongeldig//2645.jpg
-1;0;0;0;#0 @ data/links/ongeldig//265.jpg
-1;0;37652;259995;#0 @ data/links/ongeldig//2650.jpg
-1;488;29482;259889;#0 @ data/links/ongeldig//2655.jpg
-1;0;26995;263070;#0 @ data/links/ongeldig//2660.jpg
-1;703;20461;262713;#0 @ data/links/ongeldig//2665.jpg
-1;98;17744;245035;#0 @ data/links/ongeldig//2670.jpg
-1;0;18487;246952;#0 @ data/links/ongeldig//2675.jpg
-1;0;21434;258694;#0 @ data/links/ongeldig//2680.jpg
-1;0;5658;14196;#0 @ data/links/ongeldig//2685.jpg
-1;0;3756;12639;#0 @ data/links/ongeldig//2690.jpg
-1;0;1783;10882;#0 @ data/links/ongeldig//2695.jpg
-1;0;0;0;#0 @ data/links/ongeldig//270.jpg
-1;0;2899;3402;#0 @ data/links/ongeldig//2705.jpg
-1;0;1602;8716;#0 @ data/links/ongeldig//2710.jpg
-1;0;615;6933;#0 @ data/links/ongeldig//2715.jpg
-1;0;7577;235733;#0 @ data/links/ongeldig//2720.jpg
-1;0;327;1545;#0 @ data/links/ongeldig//2725.jpg
-1;0;10447;216839;#0 @ data/links/ongeldig//2730.jpg
-1;0;1178;171346;#0 @ data/links/ongeldig//2735.jpg
-1;0;4507;200789;#0 @ data/links/ongeldig//2740.jpg
-1;0;5143;202835;#0 @ data/links/ongeldig//2745.jpg
-1;0;0;0;#0 @ data/links/ongeldig//275.jpg
-1;0;11813;189469;#0 @ data/links/ongeldig//2750.jpg
-1;0;6763;166607;#0 @ data/links/ongeldig//2755.jpg
-1;0;13431;187018;#0 @ data/links/ongeldig//2760.jpg
-1;0;19625;217841;#0 @ data/links/ongeldig//2770.jpg
-1;0;10737;200259;#0 @ data/links/ongeldig//2775.jpg
-1;0;18377;213524;#0 @ data/links/ongeldig//2780.jpg
-1;0;10661;205968;#0 @ data/links/ongeldig//2785.jpg
-1;0;18440;241261;#0 @ data/links/ongeldig//2790.jpg
-1;0;13194;209650;#0 @ data/links/ongeldig//2795.jpg
-1;0;0;0;#0 @ data/links/ongeldig//280.jpg
-1;0;15345;228516;#0 @ data/links/ongeldig//2800.jpg
-1;0;7799;229034;#0 @ data/links/ongeldig//2805.jpg
-1;0;5888;198835;#0 @ data/links/ongeldig//2810.jpg
-1;0;0;0;#0 @ data/links/ongeldig//2065.jpg
-1;394;0;559;#0 @ data/links/ongeldig//2070.jpg
-1;0;0;0;#0 @ data/links/ongeldig//2075.jpg
-1;0;0;0;#0 @ data/links/ongeldig//2080.jpg
-1;0;66;0;#0 @ data/links/ongeldig//2095.jpg
-1;0;0;0;#0 @ data/links/ongeldig//210.jpg
-1;72;132;3118;#0 @ data/links/ongeldig//2100.jpg
-1;0;0;595;#0 @ data/links/ongeldig//2105.jpg
-1;0;0;503;#0 @ data/links/ongeldig//2110.jpg
-1;565;0;0;#0 @ data/links/ongeldig//2115.jpg
-1;0;0;0;#0 @ data/links/ongeldig//2120.jpg
-1;1693;0;0;#0 @ data/links/ongeldig//2125.jpg
-1;424;0;492;#0 @ data/links/ongeldig//2130.jpg
-1;1144;0;0;#0 @ data/links/ongeldig//2135.jpg
-1;0;0;0;#0 @ data/links/ongeldig//2140.jpg
-1;1218;0;0;#0 @ data/links/ongeldig//2145.jpg
-1;0;268;0;#0 @ data/links/ongeldig//215.jpg
-1;0;0;0;#0 @ data/links/ongeldig//2150.jpg
-1;0;0;0;#0 @ data/links/ongeldig//2155.jpg
-1;0;514;61252;#0 @ data/links/ongeldig//2160.jpg
-1;0;0;69843;#0 @ data/links/ongeldig//2165.jpg
-1;0;422;99302;#0 @ data/links/ongeldig//2170.jpg
-1;87;3904;3398;#0 @ data/links/ongeldig//2175.jpg
-1;0;247;38531;#0 @ data/links/ongeldig//2180.jpg
-1;0;76;19620;#0 @ data/links/ongeldig//2185.jpg
-1;0;0;14490;#0 @ data/links/ongeldig//2190.jpg
-1;0;0;14463;#0 @ data/links/ongeldig//2195.jpg
-1;0;0;0;#0 @ data/links/ongeldig//220.jpg
-1;0;30;595;#0 @ data/links/ongeldig//2200.jpg
-1;0;221;146;#0 @ data/links/ongeldig//2205.jpg
-1;0;0;16466;#0 @ data/links/ongeldig//2210.jpg
-1;0;0;14686;#0 @ data/links/ongeldig//2215.jpg
-1;0;326;44952;#0 @ data/links/ongeldig//2220.jpg
-1;0;806;49334;#0 @ data/links/ongeldig//2225.jpg
-1;0;0;54295;#0 @ data/links/ongeldig//2230.jpg
-1;0;0;50679;#0 @ data/links/ongeldig//2235.jpg
-1;0;450;160;#0 @ data/links/ongeldig//2240.jpg
-1;0;0;2048;#0 @ data/links/ongeldig//2245.jpg
-1;0;0;0;#0 @ data/links/ongeldig//225.jpg
-1;0;0;14628;#0 @ data/links/ongeldig//2250.jpg
-1;0;0;1384;#0 @ data/links/ongeldig//2255.jpg
-1;0;200;3547;#0 @ data/links/ongeldig//2260.jpg
-1;296;0;10276;#0 @ data/links/ongeldig//2265.jpg
-1;0;0;8886;#0 @ data/links/ongeldig//2270.jpg
-1;0;0;0;#0 @ data/links/ongeldig//2275.jpg
-1;0;0;0;#0 @ data/links/ongeldig//2280.jpg
-1;0;0;0;#0 @ data/links/ongeldig//2285.jpg
-1;0;0;0;#0 @ data/links/ongeldig//2290.jpg
-1;0;0;0;#0 @ data/links/ongeldig//2295.jpg
-1;0;0;0;#0 @ data/links/ongeldig//230.jpg
-1;0;0;0;#0 @ data/links/ongeldig//2300.jpg
-1;0;0;518;#0 @ data/links/ongeldig//2305.jpg
-1;0;62;1560;#0 @ data/links/ongeldig//2310.jpg
-1;0;0;0;#0 @ data/links/ongeldig//2315.jpg
-1;0;0;0;#0 @ data/links/ongeldig//2320.jpg
-1;0;0;130;#0 @ data/links/ongeldig//2325.jpg
-1;500;0;0;#0 @ data/links/ongeldig//2330.jpg
-1;0;0;198;#0 @ data/links/ongeldig//2335.jpg
-1;0;0;197;#0 @ data/links/ongeldig//2340.jpg
-1;0;0;36;#0 @ data/links/ongeldig//2345.jpg
-1;0;0;0;#0 @ data/links/ongeldig//235.jpg
-1;0;0;0;#0 @ data/links/ongeldig//2350.jpg
-1;44;0;2984;#0 @ data/links/ongeldig//2355.jpg
-1;0;0;31137;#0 @ data/links/ongeldig//2360.jpg
-1;0;0;85282;#0 @ data/links/ongeldig//2365.jpg
-1;0;170;128937;#0 @ data/links/ongeldig//2370.jpg
-1;0;986;193535;#0 @ data/links/ongeldig//2375.jpg
-1;0;1882;207733;#0 @ data/links/ongeldig//2380.jpg
-1;0;2950;226459;#0 @ data/links/ongeldig//2385.jpg
-1;148;1674;215071;#0 @ data/links/ongeldig//2390.jpg
-1;224;4677;205326;#0 @ data/links/ongeldig//2395.jpg
-1;0;0;0;#0 @ data/links/ongeldig//240.jpg
-1;50;578;142905;#0 @ data/links/ongeldig//2400.jpg
-1;0;5259;117608;#0 @ data/links/ongeldig//2405.jpg
-1;861;4895;112269;#0 @ data/links/ongeldig//2410.jpg
-1;81;8545;155672;#0 @ data/links/ongeldig//2415.jpg
-1;0;3026;167091;#0 @ data/links/ongeldig//2420.jpg
-1;0;12904;171370;#0 @ data/links/ongeldig//2425.jpg
-1;24;9758;160902;#0 @ data/links/ongeldig//2430.jpg
-1;15;16550;200849;#0 @ data/links/ongeldig//2435.jpg
-1;566;8407;209204;#0 @ data/links/ongeldig//2440.jpg
-1;0;9052;221825;#0 @ data/links/ongeldig//2445.jpg
-1;0;0;0;#0 @ data/links/ongeldig//245.jpg
-1;0;0;0;#0 @ data/links/ongeldig//0.jpg
-1;0;0;0;#0 @ data/links/ongeldig//10.jpg
-1;0;0;0;#0 @ data/links/ongeldig//100.jpg
-1;0;0;0;#0 @ data/links/ongeldig//1005.jpg
-1;0;0;0;#0 @ data/links/ongeldig//1010.jpg
-1;0;0;0;#0 @ data/links/ongeldig//1015.jpg
-1;0;0;0;#0 @ data/links/ongeldig//1020.jpg
-1;0;0;0;#0 @ data/links/ongeldig//1025.jpg
-1;28;0;0;#0 @ data/links/ongeldig//1030.jpg
-1;0;0;0;#0 @ data/links/ongeldig//1035.jpg
-1;154;0;0;#0 @ data/links/ongeldig//1040.jpg
-1;0;0;0;#0 @ data/links/ongeldig//1045.jpg
-1;0;0;0;#0 @ data/links/ongeldig//105.jpg
-1;0;0;0;#0 @ data/links/ongeldig//110.jpg
-1;0;0;0;#0 @ data/links/ongeldig//115.jpg
-1;0;0;0;#0 @ data/links/ongeldig//120.jpg
-1;0;0;0;#0 @ data/links/ongeldig//1200.jpg
-1;80;36;0;#0 @ data/links/ongeldig//1205.jpg
-1;0;28;0;#0 @ data/links/ongeldig//1225.jpg
-1;59;0;153;#0 @ data/links/ongeldig//1230.jpg
-1;0;0;0;#0 @ data/links/ongeldig//125.jpg
-1;0;0;0;#0 @ data/links/ongeldig//130.jpg
-1;0;0;0;#0 @ data/links/ongeldig//135.jpg
-1;0;0;0;#0 @ data/links/ongeldig//140.jpg
-1;0;230;0;#0 @ data/links/ongeldig//145.jpg
-1;0;0;0;#0 @ data/links/ongeldig//15.jpg
-1;0;54;0;#0 @ data/links/ongeldig//150.jpg
-1;1181;0;5504;#0 @ data/links/ongeldig//1500.jpg
-1;68;0;1307;#0 @ data/links/ongeldig//1505.jpg
-1;0;0;62;#0 @ data/links/ongeldig//1510.jpg
-1;0;0;296;#0 @ data/links/ongeldig//1515.jpg
-1;77;0;0;#0 @ data/links/ongeldig//1520.jpg
-1;182;0;40;#0 @ data/links/ongeldig//1525.jpg
-1;152;0;182;#0 @ data/links/ongeldig//1530.jpg
-1;547;0;371;#0 @ data/links/ongeldig//1535.jpg
-1;0;0;202;#0 @ data/links/ongeldig//1540.jpg
-1;17;0;47;#0 @ data/links/ongeldig//1545.jpg
-1;41;0;51;#0 @ data/links/ongeldig//155.jpg
-1;45;0;0;#0 @ data/links/ongeldig//1550.jpg
-1;87;0;0;#0 @ data/links/ongeldig//1555.jpg
-1;52;0;0;#0 @ data/links/ongeldig//1560.jpg
-1;0;0;0;#0 @ data/links/ongeldig//1565.jpg
-1;0;0;0;#0 @ data/links/ongeldig//1570.jpg
-1;0;0;0;#0 @ data/links/ongeldig//1575.jpg
-1;0;0;0;#0 @ data/links/ongeldig//1580.jpg
-1;0;0;0;#0 @ data/links/ongeldig//1585.jpg
-1;0;0;0;#0 @ data/links/ongeldig//1590.jpg
-1;0;0;0;#0 @ data/links/ongeldig//1595.jpg
-1;174;296;0;#0 @ data/links/ongeldig//160.jpg
-1;243;0;0;#0 @ data/links/ongeldig//1600.jpg
-1;455;0;0;#0 @ data/links/ongeldig//1605.jpg
-1;818;0;0;#0 @ data/links/ongeldig//1610.jpg
-1;1465;0;0;#0 @ data/links/ongeldig//1615.jpg
-1;93;0;416;#0 @ data/links/ongeldig//1620.jpg
-1;183;0;0;#0 @ data/links/ongeldig//1625.jpg
-1;0;0;0;#0 @ data/links/ongeldig//1630.jpg
-1;0;0;0;#0 @ data/links/ongeldig//1635.jpg
-1;0;220;0;#0 @ data/links/ongeldig//1640.jpg
-1;298;334;0;#0 @ data/links/ongeldig//1645.jpg
-1;17;4000;0;#0 @ data/links/ongeldig//165.jpg
-1;672;1596;137;#0 @ data/links/ongeldig//1650.jpg
-1;991;114;2197;#0 @ data/links/ongeldig//1655.jpg
-1;2081;0;2200;#0 @ data/links/ongeldig//1660.jpg
-1;545;0;0;#0 @ data/links/ongeldig//1665.jpg
-1;735;0;0;#0 @ data/links/ongeldig//1670.jpg
-1;202;0;0;#0 @ data/links/ongeldig//1675.jpg
-1;364;0;0;#0 @ data/links/ongeldig//1680.jpg
-1;232;0;0;#0 @ data/links/ongeldig//1685.jpg
-1;107;2473;0;#0 @ data/links/ongeldig//170.jpg
-1;774;0;0;#0 @ data/links/ongeldig//1745.jpg
-1;151;999;0;#0 @ data/links/ongeldig//175.jpg
-1;70;0;0;#0 @ data/links/ongeldig//1750.jpg
-1;0;0;0;#0 @ data/links/ongeldig//1755.jpg
-1;0;0;0;#0 @ data/links/ongeldig//1760.jpg
-1;0;0;0;#0 @ data/links/ongeldig//1765.jpg
-1;0;0;0;#0 @ data/links/ongeldig//1770.jpg
-1;0;0;0;#0 @ data/links/ongeldig//1775.jpg
-1;0;0;0;#0 @ data/links/ongeldig//1780.jpg
-1;0;0;0;#0 @ data/links/ongeldig//1785.jpg
-1;66;0;0;#0 @ data/links/ongeldig//1790.jpg
-1;220;0;0;#0 @ data/links/ongeldig//1795.jpg
-1;0;5266;0;#0 @ data/links/ongeldig//180.jpg
-1;559;0;191;#0 @ data/links/ongeldig//1800.jpg
-1;65;0;600;#0 @ data/links/ongeldig//1805.jpg
-1;147;0;1221;#0 @ data/links/ongeldig//1810.jpg
-1;0;0;656;#0 @ data/links/ongeldig//1815.jpg
-1;0;0;632;#0 @ data/links/ongeldig//1820.jpg
-1;462;0;0;#0 @ data/links/ongeldig//1825.jpg
-1;854;0;0;#0 @ data/links/ongeldig//1830.jpg
-1;1720;0;0;#0 @ data/links/ongeldig//1835.jpg
-1;365;0;421;#0 @ data/links/ongeldig//1845.jpg
-1;0;3961;0;#0 @ data/links/ongeldig//185.jpg
-1;345;0;0;#0 @ data/links/ongeldig//1850.jpg
-1;887;0;310;#0 @ data/links/ongeldig//1855.jpg
-1;858;0;0;#0 @ data/links/ongeldig//1860.jpg
-1;1112;0;30;#0 @ data/links/ongeldig//1865.jpg
-1;628;0;0;#0 @ data/links/ongeldig//1870.jpg
-1;1223;0;0;#0 @ data/links/ongeldig//1875.jpg
-1;202;0;0;#0 @ data/links/ongeldig//1885.jpg
-1;350;0;0;#0 @ data/links/ongeldig//1890.jpg
-1;791;0;0;#0 @ data/links/ongeldig//1895.jpg
-1;0;3027;0;#0 @ data/links/ongeldig//190.jpg
-1;1123;0;0;#0 @ data/links/ongeldig//1900.jpg
-1;63;0;0;#0 @ data/links/ongeldig//1910.jpg
-1;208;0;0;#0 @ data/links/ongeldig//1915.jpg
-1;0;0;0;#0 @ data/links/ongeldig//1920.jpg
-1;328;0;0;#0 @ data/links/ongeldig//1925.jpg
-1;858;0;0;#0 @ data/links/ongeldig//1930.jpg
-1;0;290;0;#0 @ data/links/ongeldig//195.jpg
-1;0;0;0;#0 @ data/links/ongeldig//20.jpg
-1;0;0;0;#0 @ data/links/ongeldig//200.jpg
-1;0;0;0;#0 @ data/links/ongeldig//2045.jpg
-1;0;0;0;#0 @ data/links/ongeldig//205.jpg
-1;0;0;725;#0 @ data/links/ongeldig//2050.jpg
-1;0;0;269;#0 @ data/links/ongeldig//2055.jpg
-1;0;0;1332;#0 @ data/links/ongeldig//2060.jpg
1;91955;0;267;#0 @ data/links/geldig//910.jpg
1;117759;457;602;#0 @ data/links/geldig//915.jpg
1;98432;0;0;#0 @ data/links/geldig//920.jpg
1;99845;996;69;#0 @ data/links/geldig//925.jpg
1;67885;0;145;#0 @ data/links/geldig//930.jpg
1;75793;367;0;#0 @ data/links/geldig//935.jpg
1;50950;59;0;#0 @ data/links/geldig//940.jpg
1;86378;310;0;#0 @ data/links/geldig//945.jpg
1;78068;26;0;#0 @ data/links/geldig//950.jpg
1;87729;179;259;#0 @ data/links/geldig//955.jpg
1;85728;0;0;#0 @ data/links/geldig//960.jpg
1;98829;76;0;#0 @ data/links/geldig//965.jpg
1;75405;0;0;#0 @ data/links/geldig//970.jpg
1;74245;63;0;#0 @ data/links/geldig//975.jpg
1;75332;0;0;#0 @ data/links/geldig//980.jpg
1;88894;14;0;#0 @ data/links/geldig//985.jpg
1;77659;0;0;#0 @ data/links/geldig//990.jpg
1;86668;0;0;#0 @ data/links/geldig//995.jpg
1;38364;174;13960;#0 @ data/links/geldig//Knipsel.JPG
1;72284;0;115611;#0 @ data/links/geldig//Knipsel11.JPG
1;26807;11;0;#0 @ data/links/geldig//Knipsel14.JPG
1;88741;19108;114;#0 @ data/links/geldig//Knipsel15.JPG
1;46821;75;0;#0 @ data/links/geldig//Knipsel16.JPG
1;115583;15549;0;#0 @ data/links/geldig//Knipsel17.JPG
1;45289;261;21876;#0 @ data/links/geldig//Knipsel18.JPG
1;60250;34;223;#0 @ data/links/geldig//Knipsel20.JPG
1;23548;0;3841;#0 @ data/links/geldig//Knipsel21.JPG
1;23318;0;0;#0 @ data/links/geldig//Knipsel22.JPG
1;90108;0;54;#0 @ data/links/geldig//Knipsel24.JPG
1;22721;0;95826;#0 @ data/links/geldig//Knipsel35.JPG
1;88460;11330;16485;#0 @ data/links/geldig//Knipsel4.JPG
1;37114;246;10102;#0 @ data/links/geldig//Knipsel45.JPG
1;87871;9000;223;#0 @ data/links/geldig//Knipsel47.JPG
1;143720;53206;215;#0 @ data/links/geldig//Knipsel48.JPG
1;87854;1584;56186;#0 @ data/links/geldig//4015.jpg
1;75041;34;62959;#0 @ data/links/geldig//4020.jpg
1;94689;1491;59084;#0 @ data/links/geldig//4025.jpg
1;74907;1304;44945;#0 @ data/links/geldig//4030.jpg
1;84319;2637;32818;#0 @ data/links/geldig//4035.jpg
1;101087;1601;30765;#0 @ data/links/geldig//4040.jpg
1;131849;3860;13510;#0 @ data/links/geldig//4045.jpg
1;160150;2294;8715;#0 @ data/links/geldig//4050.jpg
1;175102;3818;1123;#0 @ data/links/geldig//4055.jpg
1;185135;1782;688;#0 @ data/links/geldig//4060.jpg
1;143699;1608;449;#0 @ data/links/geldig//4065.jpg
1;113727;2496;350;#0 @ data/links/geldig//4070.jpg
1;106535;5372;77;#0 @ data/links/geldig//4075.jpg
1;111421;11149;0;#0 @ data/links/geldig//4080.jpg
1;119756;17729;0;#0 @ data/links/geldig//4085.jpg
1;152768;21717;590;#0 @ data/links/geldig//4090.jpg
1;176954;7000;1506;#0 @ data/links/geldig//4095.jpg
1;199413;16536;0;#0 @ data/links/geldig//4100.jpg
1;207691;37247;0;#0 @ data/links/geldig//4105.jpg
1;228122;25912;0;#0 @ data/links/geldig//4110.jpg
1;181586;655;141;#0 @ data/links/geldig//4115.jpg
1;215069;1161;2340;#0 @ data/links/geldig//4120.jpg
1;125139;0;809;#0 @ data/links/geldig//4125.jpg
1;38099;57596;224068;#0 @ data/links/geldig//425.jpg
1;33991;66673;265588;#0 @ data/links/geldig//430.jpg
1;67853;37807;230599;#0 @ data/links/geldig//435.jpg
1;66954;17776;236060;#0 @ data/links/geldig//440.jpg
1;97349;3277;199338;#0 @ data/links/geldig//445.jpg
1;47865;2123;161687;#0 @ data/links/geldig//4465.jpg
1;92133;1260;86417;#0 @ data/links/geldig//4470.jpg
1;102058;0;4170;#0 @ data/links/geldig//4475.jpg
1;93192;0;0;#0 @ data/links/geldig//4480.jpg
1;79857;0;0;#0 @ data/links/geldig//4485.jpg
1;78337;1409;0;#0 @ data/links/geldig//4490.jpg
1;50574;8531;0;#0 @ data/links/geldig//4495.jpg
1;81192;1498;221999;#0 @ data/links/geldig//450.jpg
1;46095;14484;0;#0 @ data/links/geldig//4500.jpg
1;67261;40996;0;#0 @ data/links/geldig//4505.jpg
1;109792;62790;66;#0 @ data/links/geldig//4510.jpg
1;156091;99183;0;#0 @ data/links/geldig//4515.jpg
1;170368;18707;278;#0 @ data/links/geldig//4520.jpg
1;160346;328;114;#0 @ data/links/geldig//4525.jpg
1;108648;81;185200;#0 @ data/links/geldig//455.jpg
1;80676;28;146589;#0 @ data/links/geldig//460.jpg
1;84756;288;108220;#0 @ data/links/geldig//465.jpg
1;54405;984;92431;#0 @ data/links/geldig//470.jpg
1;71252;2619;82413;#0 @ data/links/geldig//475.jpg
1;59443;313;103501;#0 @ data/links/geldig//480.jpg
1;66323;775;68507;#0 @ data/links/geldig//485.jpg
1;41670;79;53888;#0 @ data/links/geldig//490.jpg
1;29033;293;25329;#0 @ data/links/geldig//495.jpg
1;9153;0;65783;#0 @ data/links/geldig//500.jpg
1;10273;0;41581;#0 @ data/links/geldig//505.jpg
1;13682;0;62894;#0 @ data/links/geldig//510.jpg
1;20395;46;42565;#0 @ data/links/geldig//515.jpg
1;21128;0;57440;#0 @ data/links/geldig//520.jpg
1;27485;506;64781;#0 @ data/links/geldig//525.jpg
1;9650;0;6465;#0 @ data/links/geldig//560.jpg
1;17604;0;1765;#0 @ data/links/geldig//565.jpg
1;15800;0;11617;#0 @ data/links/geldig//570.jpg
1;32051;0;0;#0 @ data/links/geldig//575.jpg
1;32604;0;0;#0 @ data/links/geldig//580.jpg
1;48138;0;0;#0 @ data/links/geldig//585.jpg
1;51905;0;0;#0 @ data/links/geldig//590.jpg
1;28888;0;17;#0 @ data/links/geldig//595.jpg
1;11805;0;0;#0 @ data/links/geldig//645.jpg
1;60601;6920;62172;#0 @ data/links/geldig//65.jpg
1;11182;0;712;#0 @ data/links/geldig//655.jpg
1;17801;0;0;#0 @ data/links/geldig//660.jpg
1;33697;141;0;#0 @ data/links/geldig//665.jpg
1;27650;0;0;#0 @ data/links/geldig//670.jpg
1;53074;0;0;#0 @ data/links/geldig//675.jpg
1;52428;198;0;#0 @ data/links/geldig//680.jpg
1;87158;1120;0;#0 @ data/links/geldig//685.jpg
1;98690;4522;72;#0 @ data/links/geldig//690.jpg
1;169102;17007;366;#0 @ data/links/geldig//695.jpg
1;93955;9613;34198;#0 @ data/links/geldig//70.jpg
1;166733;30690;694;#0 @ data/links/geldig//700.jpg
1;206357;45200;421;#0 @ data/links/geldig//705.jpg
1;207323;46564;1094;#0 @ data/links/geldig//710.jpg
1;155612;56725;1643;#0 @ data/links/geldig//715.jpg
1;108504;20661;305;#0 @ data/links/geldig//720.jpg
1;62059;14255;0;#0 @ data/links/geldig//725.jpg
1;86116;0;0;#0 @ data/links/geldig//730.jpg
1;141100;1843;91;#0 @ data/links/geldig//735.jpg
1;143117;0;0;#0 @ data/links/geldig//740.jpg
1;144352;537;0;#0 @ data/links/geldig//745.jpg
1;146576;7097;5303;#0 @ data/links/geldig//75.jpg
1;109000;0;0;#0 @ data/links/geldig//750.jpg
1;134319;876;0;#0 @ data/links/geldig//755.jpg
1;127179;328;74;#0 @ data/links/geldig//760.jpg
1;133965;958;0;#0 @ data/links/geldig//765.jpg
1;119399;235;0;#0 @ data/links/geldig//770.jpg
1;116738;1189;0;#0 @ data/links/geldig//775.jpg
1;89455;594;0;#0 @ data/links/geldig//780.jpg
1;101800;1378;0;#0 @ data/links/geldig//785.jpg
1;102543;0;0;#0 @ data/links/geldig//790.jpg
1;122395;435;0;#0 @ data/links/geldig//795.jpg
1;77763;974;487;#0 @ data/links/geldig//80.jpg
1;103721;685;0;#0 @ data/links/geldig//800.jpg
1;104907;59;0;#0 @ data/links/geldig//805.jpg
1;91568;1150;57;#0 @ data/links/geldig//810.jpg
1;94629;422;0;#0 @ data/links/geldig//815.jpg
1;72498;34;0;#0 @ data/links/geldig//820.jpg
1;82892;0;0;#0 @ data/links/geldig//825.jpg
1;68583;284;0;#0 @ data/links/geldig//830.jpg
1;83547;2812;0;#0 @ data/links/geldig//835.jpg
1;50608;44;52;#0 @ data/links/geldig//840.jpg
1;83347;857;0;#0 @ data/links/geldig//845.jpg
1;42550;493;0;#0 @ data/links/geldig//85.jpg
1;86311;692;0;#0 @ data/links/geldig//850.jpg
1;111718;31;0;#0 @ data/links/geldig//855.jpg
1;85788;226;0;#0 @ data/links/geldig//860.jpg
1;82231;0;0;#0 @ data/links/geldig//865.jpg
1;47368;68;368;#0 @ data/links/geldig//870.jpg
1;68744;140;5548;#0 @ data/links/geldig//875.jpg
1;51937;546;13649;#0 @ data/links/geldig//880.jpg
1;64009;419;991;#0 @ data/links/geldig//885.jpg
1;59798;54;0;#0 @ data/links/geldig//890.jpg
1;85645;491;120;#0 @ data/links/geldig//895.jpg
1;83845;715;0;#0 @ data/links/geldig//900.jpg
1;103925;655;0;#0 @ data/links/geldig//905.jpg
1;36731;60;3405;#0 @ data/links/geldig//1750.jpg
1;25612;0;1801;#0 @ data/links/geldig//1755.jpg
1;23004;32;3296;#0 @ data/links/geldig//1760.jpg
1;22942;0;675;#0 @ data/links/geldig//1765.jpg
1;22120;183;2962;#0 @ data/links/geldig//1770.jpg
1;28677;162;1341;#0 @ data/links/geldig//1775.jpg
1;25791;100;1346;#0 @ data/links/geldig//1785.jpg
1;33813;72;2671;#0 @ data/links/geldig//1790.jpg
1;37154;28;910;#0 @ data/links/geldig//1795.jpg
1;35933;456;1684;#0 @ data/links/geldig//1800.jpg
1;34673;1064;585;#0 @ data/links/geldig//1805.jpg
1;32590;1792;1142;#0 @ data/links/geldig//1810.jpg
1;34686;1528;242;#0 @ data/links/geldig//1815.jpg
1;31144;802;386;#0 @ data/links/geldig//1820.jpg
1;42310;288;1706;#0 @ data/links/geldig//1825.jpg
1;42589;268;751;#0 @ data/links/geldig//1830.jpg
1;47733;404;427;#0 @ data/links/geldig//1835.jpg
1;57681;112;891;#0 @ data/links/geldig//1840.jpg
1;78802;0;1422;#0 @ data/links/geldig//1845.jpg
1;60060;17;1760;#0 @ data/links/geldig//1850.jpg
1;67553;154;1012;#0 @ data/links/geldig//1855.jpg
1;59476;652;5531;#0 @ data/links/geldig//1860.jpg
1;64424;633;2269;#0 @ data/links/geldig//1865.jpg
1;53586;96;5229;#0 @ data/links/geldig//1870.jpg
1;56883;405;1822;#0 @ data/links/geldig//1875.jpg
1;38226;109;4451;#0 @ data/links/geldig//1880.jpg
1;48868;204;535;#0 @ data/links/geldig//1885.jpg
1;41591;390;4379;#0 @ data/links/geldig//1890.jpg
1;52431;382;1757;#0 @ data/links/geldig//1895.jpg
1;28319;496;3116;#0 @ data/links/geldig//1900.jpg
1;34038;665;69;#0 @ data/links/geldig//1905.jpg
1;23630;181;2245;#0 @ data/links/geldig//1910.jpg
1;31591;379;685;#0 @ data/links/geldig//1915.jpg
1;27320;278;1569;#0 @ data/links/geldig//1920.jpg
1;43367;64;779;#0 @ data/links/geldig//1925.jpg
1;37658;0;2382;#0 @ data/links/geldig//1930.jpg
1;57765;50;662;#0 @ data/links/geldig//1935.jpg
1;39000;262;2186;#0 @ data/links/geldig//1940.jpg
1;21437;0;0;#0 @ data/links/geldig//1945.jpg
1;74631;0;62;#0 @ data/links/geldig//1950.jpg
1;106191;0;114;#0 @ data/links/geldig//1955.jpg
1;92593;0;170;#0 @ data/links/geldig//1960.jpg
1;78136;0;0;#0 @ data/links/geldig//1965.jpg
1;87955;0;50;#0 @ data/links/geldig//1970.jpg
1;104323;128;37;#0 @ data/links/geldig//1975.jpg
1;98611;0;87;#0 @ data/links/geldig//1980.jpg
1;82906;0;229;#0 @ data/links/geldig//1985.jpg
1;74455;0;369;#0 @ data/links/geldig//1990.jpg
1;54922;0;500;#0 @ data/links/geldig//1995.jpg
1;37631;0;0;#0 @ data/links/geldig//2000.jpg
1;26080;11;0;#0 @ data/links/geldig//2005.jpg
1;29235;0;0;#0 @ data/links/geldig//2010.jpg
1;32275;1044;0;#0 @ data/links/geldig//2015.jpg
1;26889;0;0;#0 @ data/links/geldig//2020.jpg
1;30946;0;0;#0 @ data/links/geldig//2025.jpg
1;23821;0;0;#0 @ data/links/geldig//2030.jpg
1;26037;0;2340;#0 @ data/links/geldig//2035.jpg
1;26669;28;4354;#0 @ data/links/geldig//2040.jpg
1;39014;32;2101;#0 @ data/links/geldig//2045.jpg
1;85948;112;3152;#0 @ data/links/geldig//2050.jpg
1;122332;22;12940;#0 @ data/links/geldig//2055.jpg
1;130084;42;1541;#0 @ data/links/geldig//2060.jpg
1;131706;0;201;#0 @ data/links/geldig//2065.jpg
1;125138;64;419;#0 @ data/links/geldig//2070.jpg
1;119731;0;104;#0 @ data/links/geldig//2075.jpg
1;77343;0;1271;#0 @ data/links/geldig//2080.jpg
1;42283;0;795;#0 @ data/links/geldig//2085.jpg
1;74267;4827;144336;#0 @ data/links/geldig//2900.jpg
1;30132;6269;217457;#0 @ data/links/geldig//2905.jpg
1;32712;7438;222088;#0 @ data/links/geldig//2910.jpg
1;24104;13417;210792;#0 @ data/links/geldig//2915.jpg
1;30272;11949;207452;#0 @ data/links/geldig//2920.jpg
1;13908;15247;245388;#0 @ data/links/geldig//2925.jpg
1;14048;0;120977;#0 @ data/links/geldig//2970.jpg
1;14671;0;114276;#0 @ data/links/geldig//2975.jpg
1;26213;0;54251;#0 @ data/links/geldig//2980.jpg
1;17100;309;40369;#0 @ data/links/geldig//2990.jpg
1;10861;1395;43604;#0 @ data/links/geldig//3000.jpg
1;16902;509;65553;#0 @ data/links/geldig//3010.jpg
1;23146;0;131118;#0 @ data/links/geldig//3020.jpg
1;18408;0;109926;#0 @ data/links/geldig//3030.jpg
1;17537;0;89339;#0 @ data/links/geldig//3035.jpg
1;26064;53;56631;#0 @ data/links/geldig//3040.jpg
1;18430;18;32178;#0 @ data/links/geldig//3045.jpg
1;26075;0;9973;#0 @ data/links/geldig//3050.jpg
1;22638;0;12854;#0 @ data/links/geldig//3055.jpg
1;17852;115;7173;#0 @ data/links/geldig//3060.jpg
1;10320;131;20279;#0 @ data/links/geldig//3065.jpg
1;27987;8314;80659;#0 @ data/links/geldig//3940.jpg
1;43366;3161;31838;#0 @ data/links/geldig//3945.jpg
1;59090;1405;11237;#0 @ data/links/geldig//3950.jpg
1;71945;1004;25697;#0 @ data/links/geldig//3960.jpg
1;75421;349;41516;#0 @ data/links/geldig//3965.jpg
1;84641;526;43483;#0 @ data/links/geldig//3970.jpg
1;81195;343;48452;#0 @ data/links/geldig//3975.jpg
1;75808;96;49544;#0 @ data/links/geldig//3980.jpg
1;73394;1064;43092;#0 @ data/links/geldig//3985.jpg
1;81631;377;27340;#0 @ data/links/geldig//3990.jpg
1;105885;1417;58587;#0 @ data/links/geldig//3995.jpg
1;95364;454;45408;#0 @ data/links/geldig//4000.jpg
1;87098;1080;67384;#0 @ data/links/geldig//4005.jpg
1;82586;471;56541;#0 @ data/links/geldig//4010.jpg
1;68461;0;0;#0 @ data/links/geldig//1000.jpg
1;54832;0;0;#0 @ data/links/geldig//1005.jpg
1;48491;0;0;#0 @ data/links/geldig//1010.jpg
1;50361;0;0;#0 @ data/links/geldig//1015.jpg
1;45377;0;44;#0 @ data/links/geldig//1020.jpg
1;71073;17;154;#0 @ data/links/geldig//1025.jpg
1;83224;0;0;#0 @ data/links/geldig//1030.jpg
1;94741;46;0;#0 @ data/links/geldig//1035.jpg
1;83213;0;40;#0 @ data/links/geldig//1040.jpg
1;81599;49;54;#0 @ data/links/geldig//1045.jpg
1;70211;0;0;#0 @ data/links/geldig//1050.jpg
1;77668;0;0;#0 @ data/links/geldig//1055.jpg
1;72362;0;0;#0 @ data/links/geldig//1060.jpg
1;75529;0;28;#0 @ data/links/geldig//1065.jpg
1;78528;0;0;#0 @ data/links/geldig//1070.jpg
1;59180;0;0;#0 @ data/links/geldig//1075.jpg
1;73330;0;0;#0 @ data/links/geldig//1080.jpg
1;57291;0;0;#0 @ data/links/geldig//1085.jpg
1;55936;0;0;#0 @ data/links/geldig//1090.jpg
1;41371;0;0;#0 @ data/links/geldig//1095.jpg
1;56503;0;0;#0 @ data/links/geldig//1100.jpg
1;37556;0;0;#0 @ data/links/geldig//1105.jpg
1;39215;0;0;#0 @ data/links/geldig//1110.jpg
1;45028;109;0;#0 @ data/links/geldig//1115.jpg
1;55623;0;0;#0 @ data/links/geldig//1120.jpg
1;57456;0;0;#0 @ data/links/geldig//1125.jpg
1;58457;0;0;#0 @ data/links/geldig//1130.jpg
1;72389;0;0;#0 @ data/links/geldig//1135.jpg
1;75422;0;0;#0 @ data/links/geldig//1140.jpg
1;79966;0;0;#0 @ data/links/geldig//1145.jpg
1;102658;0;0;#0 @ data/links/geldig//1150.jpg
1;94633;0;0;#0 @ data/links/geldig//1155.jpg
1;80623;0;0;#0 @ data/links/geldig//1160.jpg
1;84320;0;0;#0 @ data/links/geldig//1165.jpg
1;102735;10;0;#0 @ data/links/geldig//1170.jpg
1;102798;0;0;#0 @ data/links/geldig//1175.jpg
1;86764;0;0;#0 @ data/links/geldig//1180.jpg
1;86294;0;22;#0 @ data/links/geldig//1185.jpg
1;83087;0;0;#0 @ data/links/geldig//1190.jpg
1;97523;3065;0;#0 @ data/links/geldig//1195.jpg
1;122529;14766;48;#0 @ data/links/geldig//1200.jpg
1;120584;17485;34;#0 @ data/links/geldig//1205.jpg
1;164524;19381;0;#0 @ data/links/geldig//1210.jpg
1;74570;10762;0;#0 @ data/links/geldig//1215.jpg
1;55455;0;0;#0 @ data/links/geldig//1220.jpg
1;13307;0;0;#0 @ data/links/geldig//1315.jpg
1;29642;0;146;#0 @ data/links/geldig//1320.jpg
1;28011;0;250;#0 @ data/links/geldig//1325.jpg
1;47179;36;218;#0 @ data/links/geldig//1330.jpg
1;34636;0;0;#0 @ data/links/geldig//1335.jpg
1;24722;0;0;#0 @ data/links/geldig//1340.jpg
1;20519;0;0;#0 @ data/links/geldig//1350.jpg
1;23221;0;0;#0 @ data/links/geldig//1360.jpg
1;24827;0;220;#0 @ data/links/geldig//1365.jpg
1;29236;0;0;#0 @ data/links/geldig//1370.jpg
1;33357;14;6951;#0 @ data/links/geldig//1375.jpg
1;46028;49;18605;#0 @ data/links/geldig//1380.jpg
1;38520;198;0;#0 @ data/links/geldig//1385.jpg
1;32012;29;176;#0 @ data/links/geldig//1390.jpg
1;14445;2529;583;#0 @ data/links/geldig//1400.jpg
1;19525;72;2258;#0 @ data/links/geldig//1405.jpg
1;26871;0;1099;#0 @ data/links/geldig//1410.jpg
1;16416;0;101370;#0 @ data/links/geldig//1435.jpg
1;22728;0;75422;#0 @ data/links/geldig//1440.jpg
1;22722;0;70760;#0 @ data/links/geldig//1445.jpg
1;34002;0;27854;#0 @ data/links/geldig//1450.jpg
1;24674;222;29277;#0 @ data/links/geldig//1455.jpg
1;23998;336;27528;#0 @ data/links/geldig//1460.jpg
1;17640;506;46664;#0 @ data/links/geldig//1465.jpg
1;29456;0;51987;#0 @ data/links/geldig//1470.jpg
1;21266;0;50404;#0 @ data/links/geldig//1475.jpg
1;27002;38;52597;#0 @ data/links/geldig//1480.jpg
1;51096;138;83352;#0 @ data/links/geldig//1490.jpg
1;44731;561;62832;#0 @ data/links/geldig//1495.jpg
1;55709;1665;59992;#0 @ data/links/geldig//1500.jpg
1;57872;2155;58458;#0 @ data/links/geldig//1505.jpg
1;66911;1475;58626;#0 @ data/links/geldig//1510.jpg
1;53636;124;55343;#0 @ data/links/geldig//1515.jpg
1;58634;375;51665;#0 @ data/links/geldig//1520.jpg
1;66322;1317;47209;#0 @ data/links/geldig//1525.jpg
1;72427;570;66327;#0 @ data/links/geldig//1530.jpg
1;82023;43;73289;#0 @ data/links/geldig//1535.jpg
1;86660;211;68457;#0 @ data/links/geldig//1540.jpg
1;63948;1131;62954;#0 @ data/links/geldig//1545.jpg
1;76162;0;54319;#0 @ data/links/geldig//1550.jpg
1;108564;7453;12354;#0 @ data/links/geldig//1555.jpg
1;122131;8111;8619;#0 @ data/links/geldig//1560.jpg
1;61612;0;18387;#0 @ data/links/geldig//1565.jpg
1;88104;55;634;#0 @ data/links/geldig//1570.jpg
1;94780;28;0;#0 @ data/links/geldig//1575.jpg
1;37601;121;0;#0 @ data/links/geldig//1580.jpg
1;56467;0;0;#0 @ data/links/geldig//1585.jpg
1;79134;0;0;#0 @ data/links/geldig//1590.jpg
1;53312;0;0;#0 @ data/links/geldig//1595.jpg
1;47135;0;690;#0 @ data/links/geldig//1600.jpg
1;36854;0;2023;#0 @ data/links/geldig//1605.jpg
1;37228;0;412;#0 @ data/links/geldig//1610.jpg
1;37219;0;2200;#0 @ data/links/geldig//1615.jpg
1;39988;0;156;#0 @ data/links/geldig//1620.jpg
1;29665;0;903;#0 @ data/links/geldig//1625.jpg
1;45822;230;3949;#0 @ data/links/geldig//1630.jpg
1;42260;16;5915;#0 @ data/links/geldig//1635.jpg
1;56238;0;78;#0 @ data/links/geldig//1640.jpg
1;60323;178;0;#0 @ data/links/geldig//1655.jpg
1;74994;234;0;#0 @ data/links/geldig//1660.jpg
1;58508;272;22;#0 @ data/links/geldig//1665.jpg
1;59301;28;0;#0 @ data/links/geldig//1670.jpg
1;46214;17;0;#0 @ data/links/geldig//1680.jpg
1;42833;86;0;#0 @ data/links/geldig//1685.jpg
1;44041;40;48;#0 @ data/links/geldig//1690.jpg
1;54548;0;0;#0 @ data/links/geldig//1695.jpg
1;62302;0;64;#0 @ data/links/geldig//1700.jpg
1;49283;0;49;#0 @ data/links/geldig//1705.jpg
1;59748;22;0;#0 @ data/links/geldig//1710.jpg
1;56750;0;0;#0 @ data/links/geldig//1715.jpg
1;64928;0;0;#0 @ data/links/geldig//1720.jpg
1;53332;0;156;#0 @ data/links/geldig//1725.jpg
1;51329;0;154;#0 @ data/links/geldig//1735.jpg
1;46215;0;610;#0 @ data/links/geldig//1745.jpg
